Order Id,Customer name,Customer Id,Product name,Product cost,Quantity
192837,Veeru,3,LG Mobile,65999,1
192838,Neelima,19,Apple iPad 10.2-inch,63000,2
192839,Balaji,12,34in Ultrawide Monitor,75999,1
192840,Shahid,20,iPhone 11,60000,2
192841,Vinay,10,Bose SoundSport Headphones,69999,3
192842,Vinay,10,20in Monitor,65999,2
192843,Balaji,12,iPhone 8,55999,3
192844,Nireekshan,1,27in 4K Gaming Monitor,55999,3
192845,Venu,23,iPhone 9,55999,2
192846,Veeru,3,20in Monitor,63000,1
192847,Madhurima,7,Flatscreen TV,63000,1
192848,Kedar,2,Flatscreen TV,63999,2
192849,Venu,23,Samsung Galaxy S20,65999,2
192850,Neelima,19,ThinkPad Laptop,60000,2
192851,Daniel,6,Samsung Galaxy S9 Plus,69999,1
192852,Veeru,3,iPhone 9,60000,2
192853,Lavanya,16,iPhone 7s,55000,1
192854,Mallikarjun,13,LG Mobile,65999,1
192855,Vijay,9,Samsung Galaxy S9 Plus,69000,2
192856,Karteek,4,iPhone 8,65000,2
192857,Mohan,24,Macbook Pro Laptop,59000,1
192858,Venu,23,Bose SoundSport Headphones,63000,1
192859,Madhurima,7,LG Washing Machine,69000,1
192860,Venki,15,iPhone 8,60000,1
192861,Veeru,3,Samsung Galaxy S20,51999,2
192862,Nireekshan,1,Flatscreen TV,75999,2
192863,Daniel,6,iPhone 8,69000,1
192864,Kedar,2,Google Phone,60000,1
192865,Madhurima,7,LG ThinQ Refrigerator ,61000,1
192866,Karteek,4,iPhone 8,50000,2
