Order_Id,Customer_Name,Customer_Id,Product_Name,Product_Cost,Date
1320,Venu,23,LG ThinQ Refrigerator ,55000,4/11/2019 9:00
1321,Jaya Chandra,21,Bose SoundSport Headphones,63000,4/13/2019 10:00
1322,Mallikarjun,13,Apple Airpods Headphones,69999,4/13/2019 11:00
1323,Siddhu,18,Samsung Galaxy S9 Plus,55000,4/14/2019 12:00
1324,Daniel,6,iPhone 8,55000,4/15/2019 13:00
1325,Harsha,5,LG Mobile,50000,4/15/2019 14:00
1326,Siddhu,18,iPhone 7s,69999,4/16/2019 15:00
1327,Shafi,25,Apple iPad 10.2-inch,50000,4/16/2019 16:00
1328,Mallikarjun,13,27in FHD Monitor,63999,4/16/2019 17:00