Order_Id,Customer_Name,Customer_Id,Product_Name,Product_Cost,Date
2112,Mohan,24,iPhone 8,50000,12/15/2019 9:00
2113,Chaithanya,14,Apple Airpods Headphones,50000,12/15/2019 10:00
2114,Lavanya,16,Macbook Pro Laptop,61000,12/15/2019 11:00
2115,Shahid,20,LG Washing Machine,55999,12/16/2019 12:00
2116,Vinay,10,LG Mobile,75999,12/16/2019 13:00
2117,Shahid,20,Apple iPad 10.2-inch,61000,12/17/2019 14:00
2118,Shahid,20,iPhone 9,63999,12/18/2019 15:00
2119,Chaithanya,14,Flatscreen TV,69999,12/19/2019 16:00
2120,Neelima,19,34in Ultrawide Monitor,51999,12/19/2019 17:00