Order_Id,Customer_Name,Customer_Id,Product_Name,Product_Cost,Date
1023,Venki,15,27in FHD Monitor,59000,1/1/2019 0:00
1024,Chaithanya,14,iPhone 11,69000,1/1/2019 1:00
1025,Shahid,20,Bose SoundSport Headphones,65999,1/2/2019 2:00
1026,Veeru,3,Apple iPad 10.2-inch,63999,1/2/2019 3:00
1027,Venu,23,Google Phone,63999,1/2/2019 4:00
1028,Daniel,6,Samsung Galaxy S9 Plus,63999,1/2/2019 5:00
1029,Venu,23,iPhone 11,61000,1/3/2019 6:00
1030,Shafi,25,27in FHD Monitor,63000,1/3/2019 7:00
1031,Kedar,2,20in Monitor,55999,1/3/2019 8:00