Order_Id,Customer_Name,Customer_Id,Product_Name,Product_Cost,Date
1518,Chaithanya,14,LG Washing Machine,59000,6/1/2019 15:00
1519,Shafi,25,iPhone 7s,55999,6/1/2019 16:00
1520,Neelima,19,Google Phone,65999,6/2/2019 17:00
1521,Tarun,11,Apple Airpods Headphones,59000,6/2/2019 18:00
1522,Mallikarjun,13,27in FHD Monitor,75999,6/3/2019 19:00
1523,Siddhu,18,iPhone 7s,55999,6/26/2019 20:00
1524,Nireekshan,1,Flatscreen TV,63000,6/26/2019 21:00
1525,Harsha,5,LG Mobile,59000,6/26/2019 22:00
1526,Venu,23,Samsung Galaxy S20,55000,6/26/2019 23:00