Order_Id,Customer_Name,Customer_Id,Product_Name,Product_Cost,Date
1419,Nireekshan,1,20in Monitor,55000,5/17/2019 12:00
1420,Veeru,3,ThinkPad Laptop,55000,5/17/2019 13:00
1421,Mallikarjun,13,Flatscreen TV,55000,5/18/2019 14:00
1422,Shafi,25,iPhone 11,65000,5/18/2019 15:00
1423,Partha,8,Samsung Galaxy S20,55000,5/19/2019 16:00
1424,Karteek,4,Google Phone,63999,5/19/2019 17:00
1425,Siddhu,18,Macbook Pro Laptop,50000,5/20/2019 18:00
1426,Shafi,25,Macbook Pro Laptop,65000,5/21/2019 19:00
1427,Karteek,4,Bose SoundSport Headphones,65000,5/22/2019 20:00