Order_Id,Customer_Name,Customer_Id,Product_Name,Product_Cost,Date
1914,Karteek,4,27in FHD Monitor,65000,10/7/2019 3:00
1915,Nireekshan,1,iPhone 9,65000,10/7/2019 4:00
1916,Madhurima,7,27in FHD Monitor,65999,10/8/2019 5:00
1917,Balaji,12,iPhone 11,59000,10/8/2019 6:00
1918,Partha,8,34in Ultrawide Monitor,61000,10/9/2019 7:00
1919,Shahid,20,iPhone 8,65999,10/9/2019 8:00
1920,Sumanth,22,LG Mobile,69000,10/11/2019 9:00
1921,Lavanya,16,LG ThinQ Refrigerator ,63000,10/11/2019 10:00
1922,Mallikarjun,13,34in Ultrawide Monitor,50000,10/12/2019 11:00