Order_Id,Customer_Name,Customer_Id,Product_Name,Product_Cost,Date
1815,Shafi,25,iPhone 9,65999,9/3/2019 0:00
1816,Veeru,3,iPhone 8,65999,9/3/2019 1:00
1817,Daniel,6,LG Mobile,75999,9/3/2019 2:00
1818,Balaji,12,Samsung Galaxy S9 Plus,63999,9/3/2019 3:00
1819,Daniel,6,LG Washing Machine,50000,9/3/2019 4:00
1820,Neelima,19,20in Monitor,55000,9/3/2019 5:00
1821,Karteek,4,20in Monitor,50000,9/3/2019 6:00
1822,Jaya Chandra,21,LG ThinQ Refrigerator ,75999,9/3/2019 7:00
1823,Chaithanya,14,27in FHD Monitor,55000,9/3/2019 8:00